{"tables":{"settings":[{"id":"1","field_name":"theme_name","field_value":"readable"},{"id":"2","field_name":"site_url","field_value":"http:\/\/www.rssaggregator.com\/"},{"id":"3","field_name":"site_name","field_value":"RSS Aggregator"},{"id":"4","field_name":"site_meta_keyword","field_value":"rss aggregator,rssaggregator,rss reader, rss sites builder"},{"id":"5","field_name":"site_meta_description","field_value":"RSS Aggregator"},{"id":"6","field_name":"page_limit","field_value":"20"},{"id":"7","field_name":"category_page_limit","field_value":"12"},{"id":"8","field_name":"google_analytics","field_value":"UA-41166747-17"},{"id":"9","field_name":"simplepie_cache_location","field_value":"\/home\/codegeni\/public_html\/rssaggregator.com\/cache"},{"id":"10","field_name":"simplepie_cache_duration","field_value":"2280"},{"id":"11","field_name":"simplepie_item_limit","field_value":"1000"},{"id":"","field_name":"facebook_profile_url","field_value":"1"},{"id":"","field_name":"twitter_profile_url","field_value":"2"},{"id":"","field_name":"google_plus_url","field_value":"3"},{"id":"","field_name":"preview_frame","field_value":""},{"id":"","field_name":"site_brand","field_value":"https:\/\/cdn1.iconfinder.com\/data\/icons\/free-website-icons-by-benbackman\/24\/RSS.png"},{"id":"","field_name":"image_excludes","field_value":"http:\/\/feeds.wordpress.com\/1.0\/comments\/timelifeblog.wordpress.com\/38825\/,http:\/\/feeds.wordpress.com\/1.0\/comments\/timelifeblog.wordpress.com\/38869\/,http:\/\/stats.wordpress.com\/b.gif?host=life.time.com&blog=31319236&post=38869&subd=timelifeblog&ref=&feed=1,http:\/\/feeds.wordpress.com\/1.0\/comments\/timelifeblog.wordpress.com\/,http:\/\/hits.theguardian.com\/b\/ss\/guardiangu-feeds"},{"id":"","field_name":"default_layout","field_value":"thumb"},{"id":"","field_name":"rss_limit","field_value":"6"},{"id":"","field_name":"video_width","field_value":"640"},{"id":"","field_name":"video_height","field_value":"480"}],"categories":{"1":{"id":1,"name":"Video","icon":"icon-fire","feeds":{"1":{"id":1,"url":"http:\/\/gdata.youtube.com\/feeds\/base\/videos?alt=rss&q=ghostrider","name":"youtube","parent":1}}},"2":{"id":2,"name":"Jobs","icon":"icon-briefcase","feeds":{"3":{"id":3,"url":"http:\/\/rss.career-jet.nl\/rss?l=Verenigde%20Staten&lid=55&affid=4a5b3595b250fa9f7567c9ed63d5e0b4&psz=20&snl=100","name":"CareerJet","parent":2}}},"3":{"id":3,"name":"Sports","icon":"icon-star-empty","feeds":{"5":{"id":5,"url":"http:\/\/sports.yahoo.com\/top\/rss.xml","name":"Yahoo Sports","parent":3}}},"4":{"id":4,"name":"Entertainment","icon":"icon-thumbs-up","feeds":{"6":{"id":6,"url":"http:\/\/www.popsugar.com\/feed","name":"PopSugar","parent":4}}},"5":{"id":5,"name":"Technology","icon":"icon-gamepad","feeds":{"2":{"id":2,"url":"http:\/\/feeds.mashable.com\/Mashable","name":"Mashable","parent":5}}},"6":{"id":6,"name":"World","icon":"icon-home","feeds":{"7":{"id":7,"url":"http:\/\/news.google.com\/news?pz=1&cf=all&q=rss+aggregator&output=rss","name":"Google News"}}},"7":{"id":7,"name":"Shopping","icon":"icon-star-empty","feeds":{"4":{"id":4,"url":"http:\/\/rest.ebay.com\/epn\/v1\/find\/item.rss?keyword=%22free+samples%22&sortOrder=BestMatch&programid=1&campaignid=5337404174&toolid=10039&listingType1=All&lgeo=1&descriptionSearch=true&feedType=rss","name":"eBay","parent":7}}},"8":{"id":8,"name":"Social Media","icon":"icon-twitter","feeds":[]}},"users":{"username":"admin","password":"a3d2b1c4d9c7e58314d5c67c9effb759"}}}